AGRARIA;CFGB;AFOR1;TECNICO BASICO EN APROVECHAMIENTOS FORESTALES;1º;Operaciones basicas de produccion y mantenimiento de plantas en viveros y centros de jardineria.;AGRARIA. TECNICO BASICO EN APROVECHAMIENTOS FORESTALES. PRIMER CURSO.xlsx
AGRARIA;CFGB;AFOR1;TECNICO BASICO EN APROVECHAMIENTOS FORESTALES;1º;Trabajos de aprovechamientos forestales.;AGRARIA. TECNICO BASICO EN APROVECHAMIENTOS FORESTALES. PRIMER CURSO.xlsx
AGRARIA;CFGB;AFOR1;TECNICO BASICO EN APROVECHAMIENTOS FORESTALES;1º;Recoleccion de productos forestales.;AGRARIA. TECNICO BASICO EN APROVECHAMIENTOS FORESTALES. PRIMER CURSO.xlsx
AGRARIA;CFGB;AFOR1;TECNICO BASICO EN APROVECHAMIENTOS FORESTALES;1º;Ciencias aplicadas I;AGRARIA. TECNICO BASICO EN APROVECHAMIENTOS FORESTALES. PRIMER CURSO.xlsx
AGRARIA;CFGB;AFOR1;TECNICO BASICO EN APROVECHAMIENTOS FORESTALES;1º;Comunicacion y sociedad I;AGRARIA. TECNICO BASICO EN APROVECHAMIENTOS FORESTALES. PRIMER CURSO.xlsx
AGRARIA;CFGB;AFOR2;TECNICO BASICO EN APROVECHAMIENTOS FORESTALES;2º;Operaciones basicas para el mantenimiento de jardines, parques y zonas verdes.;AGRARIA. TECNICO BASICO EN APROVECHAMIENTOS FORESTALES. SEGUNDO CURSO.xlsx
AGRARIA;CFGB;AFOR2;TECNICO BASICO EN APROVECHAMIENTOS FORESTALES;2º;Repoblacion e infraestructura forestal.;AGRARIA. TECNICO BASICO EN APROVECHAMIENTOS FORESTALES. SEGUNDO CURSO.xlsx
AGRARIA;CFGB;AFOR2;TECNICO BASICO EN APROVECHAMIENTOS FORESTALES;2º;Silvicultura y plagas.;AGRARIA. TECNICO BASICO EN APROVECHAMIENTOS FORESTALES. SEGUNDO CURSO.xlsx
AGRARIA;CFGB;AFOR2;TECNICO BASICO EN APROVECHAMIENTOS FORESTALES;2º;Iniciacion a la Actividad Emprendedora y Empresarial.;AGRARIA. TECNICO BASICO EN APROVECHAMIENTOS FORESTALES. SEGUNDO CURSO.xlsx
AGRARIA;CFGB;AFOR2;TECNICO BASICO EN APROVECHAMIENTOS FORESTALES;2º;Ciencias aplicadas II;AGRARIA. TECNICO BASICO EN APROVECHAMIENTOS FORESTALES. SEGUNDO CURSO.xlsx
AGRARIA;CFGB;AFOR2;TECNICO BASICO EN APROVECHAMIENTOS FORESTALES;2º;Comunicacion y sociedad II;AGRARIA. TECNICO BASICO EN APROVECHAMIENTOS FORESTALES. SEGUNDO CURSO.xlsx
AGRARIA;CFGB;AFOR2;TECNICO BASICO EN APROVECHAMIENTOS FORESTALES;2º;Formacion en Centros de Trabajo;
AGRARIA;CFGM;ACMN1;TECNICO EN APROVECHAMIENTO Y CONSERVACION DEL MEDIO NATURAL.;1º;Fundamentos Agronomicos.;AGRARIA. TECNICO EN APROVECHAMIENTO Y CONSERVACION DEL MEDIO NATURAL. PRIMER CURSO.xlsx
AGRARIA;CFGM;ACMN1;TECNICO EN APROVECHAMIENTO Y CONSERVACION DEL MEDIO NATURAL.;1º;Principios de sanidad vegetal.;AGRARIA. TECNICO EN APROVECHAMIENTO Y CONSERVACION DEL MEDIO NATURAL. PRIMER CURSO.xlsx
AGRARIA;CFGM;ACMN1;TECNICO EN APROVECHAMIENTO Y CONSERVACION DEL MEDIO NATURAL.;1º;Repoblaciones forestales y tratamientos selvicolas.;AGRARIA. TECNICO EN APROVECHAMIENTO Y CONSERVACION DEL MEDIO NATURAL. PRIMER CURSO.xlsx
AGRARIA;CFGM;ACMN1;TECNICO EN APROVECHAMIENTO Y CONSERVACION DEL MEDIO NATURAL.;1º;Produccion de planta forestal en vivero;AGRARIA. TECNICO EN APROVECHAMIENTO Y CONSERVACION DEL MEDIO NATURAL. PRIMER CURSO.xlsx
AGRARIA;CFGM;ACMN1;TECNICO EN APROVECHAMIENTO Y CONSERVACION DEL MEDIO NATURAL.;1º;Maquinaria e instalaciones forestales;AGRARIA. TECNICO EN APROVECHAMIENTO Y CONSERVACION DEL MEDIO NATURAL. PRIMER CURSO.xlsx
AGRARIA;CFGM;ACMN1;TECNICO EN APROVECHAMIENTO Y CONSERVACION DEL MEDIO NATURAL.;1º;Formacion y Orientacion Laboral;AGRARIA. TECNICO EN APROVECHAMIENTO Y CONSERVACION DEL MEDIO NATURAL. PRIMER CURSO.xlsx
AGRARIA;CFGM;ACMN1;TECNICO EN APROVECHAMIENTO Y CONSERVACION DEL MEDIO NATURAL.;1º;Ingles;AGRARIA. TECNICO EN APROVECHAMIENTO Y CONSERVACION DEL MEDIO NATURAL. PRIMER CURSO.xlsx
AGRARIA;CFGM;ACMN2;TECNICO EN APROVECHAMIENTO Y CONSERVACION DEL MEDIO NATURAL.;2º;Control fitosanitario;AGRARIA. TECNICO EN APROVECHAMIENTO Y CONSERVACION DEL MEDIO NATURAL. SEGUNDO CURSO.xlsx
AGRARIA;CFGM;ACMN2;TECNICO EN APROVECHAMIENTO Y CONSERVACION DEL MEDIO NATURAL.;2º;Aprovechamiento del medio natural.;AGRARIA. TECNICO EN APROVECHAMIENTO Y CONSERVACION DEL MEDIO NATURAL. SEGUNDO CURSO.xlsx
AGRARIA;CFGM;ACMN2;TECNICO EN APROVECHAMIENTO Y CONSERVACION DEL MEDIO NATURAL.;2º;Conservacion de las especies cinegeticas y piscicolas;AGRARIA. TECNICO EN APROVECHAMIENTO Y CONSERVACION DEL MEDIO NATURAL. SEGUNDO CURSO.xlsx
AGRARIA;CFGM;ACMN2;TECNICO EN APROVECHAMIENTO Y CONSERVACION DEL MEDIO NATURAL.;2º;Prevencion de incendios forestales;AGRARIA. TECNICO EN APROVECHAMIENTO Y CONSERVACION DEL MEDIO NATURAL. SEGUNDO CURSO.xlsx
AGRARIA;CFGM;ACMN2;TECNICO EN APROVECHAMIENTO Y CONSERVACION DEL MEDIO NATURAL.;2º;Uso publico en espacios naturales.;AGRARIA. TECNICO EN APROVECHAMIENTO Y CONSERVACION DEL MEDIO NATURAL. SEGUNDO CURSO.xlsx
AGRARIA;CFGM;ACMN2;TECNICO EN APROVECHAMIENTO Y CONSERVACION DEL MEDIO NATURAL.;2º;Empresa e Iniciativa Emprendedora;AGRARIA. TECNICO EN APROVECHAMIENTO Y CONSERVACION DEL MEDIO NATURAL. SEGUNDO CURSO.xlsx
AGRARIA;CFGM;ACMN2;TECNICO EN APROVECHAMIENTO Y CONSERVACION DEL MEDIO NATURAL.;2º;Formacion en Centros de Trabajo;
AGRARIA;CFGM;PAGRO1;TECNICO EN PRODUCCION AGROPECUARIA;1º;Fundamentos agronomicos;AGRARIA. TECNICO EN PRODUCCION AGROPECUARIA. PRIMER CURSO.xlsx
AGRARIA;CFGM;PAGRO1;TECNICO EN PRODUCCION AGROPECUARIA;1º;Fundamentos zootecnicos;AGRARIA. TECNICO EN PRODUCCION AGROPECUARIA. PRIMER CURSO.xlsx
AGRARIA;CFGM;PAGRO1;TECNICO EN PRODUCCION AGROPECUARIA;1º;Taller y equipos de traccion;AGRARIA. TECNICO EN PRODUCCION AGROPECUARIA. PRIMER CURSO.xlsx
AGRARIA;CFGM;PAGRO1;TECNICO EN PRODUCCION AGROPECUARIA;1º;Infraestructuras e instalaciones agricolas;AGRARIA. TECNICO EN PRODUCCION AGROPECUARIA. PRIMER CURSO.xlsx
AGRARIA;CFGM;PAGRO1;TECNICO EN PRODUCCION AGROPECUARIA;1º;Principios de sanidad vegetal;AGRARIA. TECNICO EN PRODUCCION AGROPECUARIA. PRIMER CURSO.xlsx
AGRARIA;CFGM;PAGRO1;TECNICO EN PRODUCCION AGROPECUARIA;1º;Formacion y Orientacion Laboral;AGRARIA. TECNICO EN PRODUCCION AGROPECUARIA. PRIMER CURSO.xlsx
AGRARIA;CFGM;PAGRO1;TECNICO EN PRODUCCION AGROPECUARIA;1º;Ingles;AGRARIA. TECNICO EN PRODUCCION AGROPECUARIA. PRIMER CURSO.xlsx
AGRARIA;CFGM;PAGRO2;TECNICO EN PRODUCCION AGROPECUARIA;2º;Implantacion de cultivos;AGRARIA. TECNICO EN PRODUCCION AGROPECUARIA. SEGUNDO CURSO.xlsx
AGRARIA;CFGM;PAGRO3;TECNICO EN PRODUCCION AGROPECUARIA;2º;Produccion agricola;AGRARIA. TECNICO EN PRODUCCION AGROPECUARIA. SEGUNDO CURSO.xlsx
AGRARIA;CFGM;PAGRO4;TECNICO EN PRODUCCION AGROPECUARIA;2º;Produccion de leche, huevos y animales para la vida;AGRARIA. TECNICO EN PRODUCCION AGROPECUARIA. SEGUNDO CURSO.xlsx
AGRARIA;CFGM;PAGRO5;TECNICO EN PRODUCCION AGROPECUARIA;2º;Produccion de carne y otras producciones ganaderas;AGRARIA. TECNICO EN PRODUCCION AGROPECUARIA. SEGUNDO CURSO.xlsx
AGRARIA;CFGM;PAGRO6;TECNICO EN PRODUCCION AGROPECUARIA;2º;Control fitosanitario;AGRARIA. TECNICO EN PRODUCCION AGROPECUARIA. SEGUNDO CURSO.xlsx
AGRARIA;CFGM;PAGRO7;TECNICO EN PRODUCCION AGROPECUARIA;2º;Empresa e Iniciativa Emprendedora;AGRARIA. TECNICO EN PRODUCCION AGROPECUARIA. SEGUNDO CURSO.xlsx
AGRARIA;CFGM;PAGRO8;TECNICO EN PRODUCCION AGROPECUARIA;2º;Formacionen Centors de Trabajo;
AGRARIA;CFGS;GFMN1;TECNICO SUPERIOR EN GESTION FORESTAL Y DEL MEDIO NATURAL.;1º;Botanica agronomica.;AGRARIA. TECNICO SUPERIOR EN GESTION FORESTAL Y DEL MEDIO NATURAL. PRIMER CURSO.xlsx
AGRARIA;CFGS;GFMN1;TECNICO SUPERIOR EN GESTION FORESTAL Y DEL MEDIO NATURAL.;1º;Fitopatologia.;AGRARIA. TECNICO SUPERIOR EN GESTION FORESTAL Y DEL MEDIO NATURAL. PRIMER CURSO.xlsx
AGRARIA;CFGS;GFMN1;TECNICO SUPERIOR EN GESTION FORESTAL Y DEL MEDIO NATURAL.;1º;Maquinaria e instalaciones agroforestales.;AGRARIA. TECNICO SUPERIOR EN GESTION FORESTAL Y DEL MEDIO NATURAL. PRIMER CURSO.xlsx
AGRARIA;CFGS;GFMN1;TECNICO SUPERIOR EN GESTION FORESTAL Y DEL MEDIO NATURAL.;1º;Tecnicas de educacion ambiental.;AGRARIA. TECNICO SUPERIOR EN GESTION FORESTAL Y DEL MEDIO NATURAL. PRIMER CURSO.xlsx
AGRARIA;CFGS;GFMN1;TECNICO SUPERIOR EN GESTION FORESTAL Y DEL MEDIO NATURAL.;1º;Gestion y organizacion del vivero forestal.;AGRARIA. TECNICO SUPERIOR EN GESTION FORESTAL Y DEL MEDIO NATURAL. PRIMER CURSO.xlsx
AGRARIA;CFGS;GFMN1;TECNICO SUPERIOR EN GESTION FORESTAL Y DEL MEDIO NATURAL.;1º;Gestion de montes.;AGRARIA. TECNICO SUPERIOR EN GESTION FORESTAL Y DEL MEDIO NATURAL. PRIMER CURSO.xlsx
AGRARIA;CFGS;GFMN1;TECNICO SUPERIOR EN GESTION FORESTAL Y DEL MEDIO NATURAL.;1º;Formacion y Orientacion Laboral;AGRARIA. TECNICO SUPERIOR EN GESTION FORESTAL Y DEL MEDIO NATURAL. PRIMER CURSO.xlsx
AGRARIA;CFGS;GFMN1;TECNICO SUPERIOR EN GESTION FORESTAL Y DEL MEDIO NATURAL.;1º;Ingles;AGRARIA. TECNICO SUPERIOR EN GESTION FORESTAL Y DEL MEDIO NATURAL. PRIMER CURSO.xlsx
AGRARIA;CFGS;GFMN2;TECNICO SUPERIOR EN GESTION FORESTAL Y DEL MEDIO NATURAL.;2º;Topografia agraria.;AGRARIA. TECNICO SUPERIOR EN GESTION FORESTAL Y DEL MEDIO NATURAL. SEGUNDO CURSO.xlsx
AGRARIA;CFGS;GFMN2;TECNICO SUPERIOR EN GESTION FORESTAL Y DEL MEDIO NATURAL.;2º;Gestion de los aprovechamientos del medio forestal.;AGRARIA. TECNICO SUPERIOR EN GESTION FORESTAL Y DEL MEDIO NATURAL. SEGUNDO CURSO.xlsx
AGRARIA;CFGS;GFMN2;TECNICO SUPERIOR EN GESTION FORESTAL Y DEL MEDIO NATURAL.;2º;Gestion cinegetica.;AGRARIA. TECNICO SUPERIOR EN GESTION FORESTAL Y DEL MEDIO NATURAL. SEGUNDO CURSO.xlsx
AGRARIA;CFGS;GFMN2;TECNICO SUPERIOR EN GESTION FORESTAL Y DEL MEDIO NATURAL.;2º;Gestion de la pesca continental.;AGRARIA. TECNICO SUPERIOR EN GESTION FORESTAL Y DEL MEDIO NATURAL. SEGUNDO CURSO.xlsx
AGRARIA;CFGS;GFMN2;TECNICO SUPERIOR EN GESTION FORESTAL Y DEL MEDIO NATURAL.;2º;Gestion de la conservacion del medio natural.;AGRARIA. TECNICO SUPERIOR EN GESTION FORESTAL Y DEL MEDIO NATURAL. SEGUNDO CURSO.xlsx
AGRARIA;CFGS;GFMN2;TECNICO SUPERIOR EN GESTION FORESTAL Y DEL MEDIO NATURAL.;2º;Defensa contra incendios forestales.;AGRARIA. TECNICO SUPERIOR EN GESTION FORESTAL Y DEL MEDIO NATURAL. SEGUNDO CURSO.xlsx
AGRARIA;CFGS;GFMN2;TECNICO SUPERIOR EN GESTION FORESTAL Y DEL MEDIO NATURAL.;2º;Empresa e Iniciativa Emprendedora;AGRARIA. TECNICO SUPERIOR EN GESTION FORESTAL Y DEL MEDIO NATURAL. SEGUNDO CURSO.xlsx
AGRARIA;CFGS;GFMN2;TECNICO SUPERIOR EN GESTION FORESTAL Y DEL MEDIO NATURAL.;2º;Proyecto;
AGRARIA;CFGS;GFMN2;TECNICO SUPERIOR EN GESTION FORESTAL Y DEL MEDIO NATURAL.;2º;Formacionen Centors de Trabajo;
ELECTRICIDAD Y ELECTRONICA;CFGB;ELE1;TECNICO BASICO EN ELECTRICIDAD Y ELECTRONICA;1º;Instalaciones electricas y domoticas.;ELECTRICIDAD Y ELECTRONICA. TECNICO BASICO EN ELECTRICIDAD Y ELECTRONICA. PRIMER CURSO.xlsx
ELECTRICIDAD Y ELECTRONICA;CFGB;ELE1;TECNICO BASICO EN ELECTRICIDAD Y ELECTRONICA;1º;Equipos electricos y electronicos.;ELECTRICIDAD Y ELECTRONICA. TECNICO BASICO EN ELECTRICIDAD Y ELECTRONICA. PRIMER CURSO.xlsx
ELECTRICIDAD Y ELECTRONICA;CFGB;ELE1;TECNICO BASICO EN ELECTRICIDAD Y ELECTRONICA;1º;Ciencias aplicadas I;ELECTRICIDAD Y ELECTRONICA. TECNICO BASICO EN ELECTRICIDAD Y ELECTRONICA. PRIMER CURSO.xlsx
ELECTRICIDAD Y ELECTRONICA;CFGB;ELE1;TECNICO BASICO EN ELECTRICIDAD Y ELECTRONICA;1º;Comunicacion y sociedad I;ELECTRICIDAD Y ELECTRONICA. TECNICO BASICO EN ELECTRICIDAD Y ELECTRONICA. PRIMER CURSO.xlsx
ELECTRICIDAD Y ELECTRONICA;CFGB;ELE2;TECNICO BASICO EN ELECTRICIDAD Y ELECTRONICA;2º;Instalaciones de telecomunicaciones.;ELECTRICIDAD Y ELECTRONICA. TECNICO BASICO EN ELECTRICIDAD Y ELECTRONICA. SEGUNDO CURSO.xlsx
ELECTRICIDAD Y ELECTRONICA;CFGB;ELE2;TECNICO BASICO EN ELECTRICIDAD Y ELECTRONICA;2º;Instalacion y mantenimiento de redes para transmision de datos.;ELECTRICIDAD Y ELECTRONICA. TECNICO BASICO EN ELECTRICIDAD Y ELECTRONICA. SEGUNDO CURSO.xlsx
ELECTRICIDAD Y ELECTRONICA;CFGB;ELE2;TECNICO BASICO EN ELECTRICIDAD Y ELECTRONICA;2º;Iniciacion a la actividad emprendedora y empresarial.;ELECTRICIDAD Y ELECTRONICA. TECNICO BASICO EN ELECTRICIDAD Y ELECTRONICA. SEGUNDO CURSO.xlsx
ELECTRICIDAD Y ELECTRONICA;CFGB;ELE2;TECNICO BASICO EN ELECTRICIDAD Y ELECTRONICA;2º;Ciencias aplicadas II;ELECTRICIDAD Y ELECTRONICA. TECNICO BASICO EN ELECTRICIDAD Y ELECTRONICA. SEGUNDO CURSO.xlsx
ELECTRICIDAD Y ELECTRONICA;CFGB;ELE2;TECNICO BASICO EN ELECTRICIDAD Y ELECTRONICA;2º;Comunicacion y sociedad II;ELECTRICIDAD Y ELECTRONICA. TECNICO BASICO EN ELECTRICIDAD Y ELECTRONICA. SEGUNDO CURSO.xlsx
ELECTRICIDAD Y ELECTRONICA;CFGB;ELE2;TECNICO BASICO EN ELECTRICIDAD Y ELECTRONICA;2º;Formacion en Centros de Trabajo;
ELECTRICIDAD Y ELECTRONICA;CFGM;IEA1;TECNICO EN INSTALACIONES ELECTRICAS Y AUTOMATICAS;1º;Automatismos industriales.;ELECTRICIDAD Y ELECTRONICA. TECNICO EN INSTALACIONES ELECTRICAS Y AUTOMATICAS.PRIMER CURSO.xlsx
ELECTRICIDAD Y ELECTRONICA;CFGM;IEA1;TECNICO EN INSTALACIONES ELECTRICAS Y AUTOMATICAS;1º;Electronica.;ELECTRICIDAD Y ELECTRONICA. TECNICO EN INSTALACIONES ELECTRICAS Y AUTOMATICAS.PRIMER CURSO.xlsx
ELECTRICIDAD Y ELECTRONICA;CFGM;IEA1;TECNICO EN INSTALACIONES ELECTRICAS Y AUTOMATICAS;1º;Electrotecnia.;ELECTRICIDAD Y ELECTRONICA. TECNICO EN INSTALACIONES ELECTRICAS Y AUTOMATICAS.PRIMER CURSO.xlsx
ELECTRICIDAD Y ELECTRONICA;CFGM;IEA1;TECNICO EN INSTALACIONES ELECTRICAS Y AUTOMATICAS;1º;Instalaciones electricas interiores;ELECTRICIDAD Y ELECTRONICA. TECNICO EN INSTALACIONES ELECTRICAS Y AUTOMATICAS.PRIMER CURSO.xlsx
ELECTRICIDAD Y ELECTRONICA;CFGM;IEA1;TECNICO EN INSTALACIONES ELECTRICAS Y AUTOMATICAS;1º;Formacion y orientacion laboral;ELECTRICIDAD Y ELECTRONICA. TECNICO EN INSTALACIONES ELECTRICAS Y AUTOMATICAS.PRIMER CURSO.xlsx
ELECTRICIDAD Y ELECTRONICA;CFGM;IEA1;TECNICO EN INSTALACIONES ELECTRICAS Y AUTOMATICAS;1º;Ingles;ELECTRICIDAD Y ELECTRONICA. TECNICO EN INSTALACIONES ELECTRICAS Y AUTOMATICAS.PRIMER CURSO.xlsx
ELECTRICIDAD Y ELECTRONICA;CFGM;IEA2;TECNICO EN INSTALACIONES ELECTRICAS Y AUTOMATICAS;2º;Instalaciones de distribucion.;ELECTRICIDAD Y ELECTRONICA. TECNICO EN INSTALACIONES ELECTRICAS Y AUTOMATICAS.SEGUNDOCURSO.xlsx
ELECTRICIDAD Y ELECTRONICA;CFGM;IEA2;TECNICO EN INSTALACIONES ELECTRICAS Y AUTOMATICAS;2º;Infraestructuras comunes de telecomunicacion en viviendas y edificios.;ELECTRICIDAD Y ELECTRONICA. TECNICO EN INSTALACIONES ELECTRICAS Y AUTOMATICAS.SEGUNDOCURSO.xlsx
ELECTRICIDAD Y ELECTRONICA;CFGM;IEA2;TECNICO EN INSTALACIONES ELECTRICAS Y AUTOMATICAS;2º;Instalaciones domoticas.;ELECTRICIDAD Y ELECTRONICA. TECNICO EN INSTALACIONES ELECTRICAS Y AUTOMATICAS.SEGUNDOCURSO.xlsx
ELECTRICIDAD Y ELECTRONICA;CFGM;IEA2;TECNICO EN INSTALACIONES ELECTRICAS Y AUTOMATICAS;2º;Instalaciones solares fotovoltaicas.;ELECTRICIDAD Y ELECTRONICA. TECNICO EN INSTALACIONES ELECTRICAS Y AUTOMATICAS.SEGUNDOCURSO.xlsx
ELECTRICIDAD Y ELECTRONICA;CFGM;IEA2;TECNICO EN INSTALACIONES ELECTRICAS Y AUTOMATICAS;2º;Maquinas electricas.;ELECTRICIDAD Y ELECTRONICA. TECNICO EN INSTALACIONES ELECTRICAS Y AUTOMATICAS.SEGUNDOCURSO.xlsx
ELECTRICIDAD Y ELECTRONICA;CFGM;IEA2;TECNICO EN INSTALACIONES ELECTRICAS Y AUTOMATICAS;2º;Empresa e iniciativa emprendedora.;ELECTRICIDAD Y ELECTRONICA. TECNICO EN INSTALACIONES ELECTRICAS Y AUTOMATICAS.SEGUNDOCURSO.xlsx
ELECTRICIDAD Y ELECTRONICA;CFGM;IEA2;TECNICO EN INSTALACIONES ELECTRICAS Y AUTOMATICAS;2º;Formacion en Centros de Trabajo;
ELECTRICIDAD Y ELECTRONICA;CFGS;ELME1;TECNICO SUPERIOR EN ELECTROMEDICINA CLINICA;1º;Instalaciones electricas.;ELECTRICIDAD Y ELECTRONICA. TECNICO SUPERIOR EN ELECTROMEDICINA CLINICA. PRIMER CURSO.xlsx
ELECTRICIDAD Y ELECTRONICA;CFGS;ELME1;TECNICO SUPERIOR EN ELECTROMEDICINA CLINICA;1º;Sistemas electromecanicos de fluidos.;ELECTRICIDAD Y ELECTRONICA. TECNICO SUPERIOR EN ELECTROMEDICINA CLINICA. PRIMER CURSO.xlsx
ELECTRICIDAD Y ELECTRONICA;CFGS;ELME1;TECNICO SUPERIOR EN ELECTROMEDICINA CLINICA;1º;Sistemas electronicos y fotonicos.;ELECTRICIDAD Y ELECTRONICA. TECNICO SUPERIOR EN ELECTROMEDICINA CLINICA. PRIMER CURSO.xlsx
ELECTRICIDAD Y ELECTRONICA;CFGS;ELME1;TECNICO SUPERIOR EN ELECTROMEDICINA CLINICA;1º;Sistemas de radiodiagnosticos, radioterapia e imagen medica;ELECTRICIDAD Y ELECTRONICA. TECNICO SUPERIOR EN ELECTROMEDICINA CLINICA. PRIMER CURSO.xlsx
ELECTRICIDAD Y ELECTRONICA;CFGS;ELME1;TECNICO SUPERIOR EN ELECTROMEDICINA CLINICA;1º;Sistemas de monitorizacion, registro y cuidados criticos.;ELECTRICIDAD Y ELECTRONICA. TECNICO SUPERIOR EN ELECTROMEDICINA CLINICA. PRIMER CURSO.xlsx
ELECTRICIDAD Y ELECTRONICA;CFGS;ELME1;TECNICO SUPERIOR EN ELECTROMEDICINA CLINICA;1º;Sistemas de rehabilitacion y pruebas funcionales.;ELECTRICIDAD Y ELECTRONICA. TECNICO SUPERIOR EN ELECTROMEDICINA CLINICA. PRIMER CURSO.xlsx
ELECTRICIDAD Y ELECTRONICA;CFGS;ELME1;TECNICO SUPERIOR EN ELECTROMEDICINA CLINICA;1º;Tecnologia sanitaria en el ambito clinico.;ELECTRICIDAD Y ELECTRONICA. TECNICO SUPERIOR EN ELECTROMEDICINA CLINICA. PRIMER CURSO.xlsx
ELECTRICIDAD Y ELECTRONICA;CFGS;ELME1;TECNICO SUPERIOR EN ELECTROMEDICINA CLINICA;1º;Ingles;ELECTRICIDAD Y ELECTRONICA. TECNICO SUPERIOR EN ELECTROMEDICINA CLINICA. PRIMER CURSO.xlsx
ELECTRICIDAD Y ELECTRONICA;CFGS;ELME2;TECNICO SUPERIOR EN ELECTROMEDICINA CLINICA;2º;Sistemas de laboratorio y hemodialisis.;ELECTRICIDAD Y ELECTRONICA. TECNICO SUPERIOR EN ELECTROMEDICINA CLINICA. SEGUNDO CURSO.xlsx
ELECTRICIDAD Y ELECTRONICA;CFGS;ELME2;TECNICO SUPERIOR EN ELECTROMEDICINA CLINICA;2º;Planificacion de la adquisicion de sistemas de electromedicina.;ELECTRICIDAD Y ELECTRONICA. TECNICO SUPERIOR EN ELECTROMEDICINA CLINICA. SEGUNDO CURSO.xlsx
ELECTRICIDAD Y ELECTRONICA;CFGS;ELME2;TECNICO SUPERIOR EN ELECTROMEDICINA CLINICA;2º;Gestion del montaje y mantenimiento de sistemas de electromedicina.;ELECTRICIDAD Y ELECTRONICA. TECNICO SUPERIOR EN ELECTROMEDICINA CLINICA. SEGUNDO CURSO.xlsx
ELECTRICIDAD Y ELECTRONICA;CFGS;ELME2;TECNICO SUPERIOR EN ELECTROMEDICINA CLINICA;2º;Formacion y orientacion laboral.;ELECTRICIDAD Y ELECTRONICA. TECNICO SUPERIOR EN ELECTROMEDICINA CLINICA. SEGUNDO CURSO.xlsx
ELECTRICIDAD Y ELECTRONICA;CFGS;ELME2;TECNICO SUPERIOR EN ELECTROMEDICINA CLINICA;2º;Empresa e iniciativa emprendedora.;ELECTRICIDAD Y ELECTRONICA. TECNICO SUPERIOR EN ELECTROMEDICINA CLINICA. SEGUNDO CURSO.xlsx
ELECTRICIDAD Y ELECTRONICA;CFGS;ELME2;TECNICO SUPERIOR EN ELECTROMEDICINA CLINICA;2º;Proyecto;
ELECTRICIDAD Y ELECTRONICA;CFGS;ELME2;TECNICO SUPERIOR EN ELECTROMEDICINA CLINICA;2º;Formacionen Centors de Trabajo;
ELECTRICIDAD Y ELECTRONICA;CFGS;SEA1;TECNICO SUPERIOR EN SISTEMAS ELECTROTECNICOS Y AUTOMATIZADOS;1º;Tecnicas y procesos en instalaciones electricas.;ELECTRICIDAD Y ELECTRONICA. TECNICO SUPERIOR EN SISTEMAS ELECTROTECNICOS Y AUTOMATIZADOS.1.xlsx
ELECTRICIDAD Y ELECTRONICA;CFGS;SEA1;TECNICO SUPERIOR EN SISTEMAS ELECTROTECNICOS Y AUTOMATIZADOS;1º;Sistemas y circuitos electricos.;ELECTRICIDAD Y ELECTRONICA. TECNICO SUPERIOR EN SISTEMAS ELECTROTECNICOS Y AUTOMATIZADOS.1.xlsx
ELECTRICIDAD Y ELECTRONICA;CFGS;SEA1;TECNICO SUPERIOR EN SISTEMAS ELECTROTECNICOS Y AUTOMATIZADOS;1º;Tecnicas y procesos en instalaciones domoticas y automaticas.;ELECTRICIDAD Y ELECTRONICA. TECNICO SUPERIOR EN SISTEMAS ELECTROTECNICOS Y AUTOMATIZADOS.1.xlsx
ELECTRICIDAD Y ELECTRONICA;CFGS;SEA1;TECNICO SUPERIOR EN SISTEMAS ELECTROTECNICOS Y AUTOMATIZADOS;1º;Gestion del montaje y del mantenimiento de instalaciones electricas.;ELECTRICIDAD Y ELECTRONICA. TECNICO SUPERIOR EN SISTEMAS ELECTROTECNICOS Y AUTOMATIZADOS.1.xlsx
ELECTRICIDAD Y ELECTRONICA;CFGS;SEA1;TECNICO SUPERIOR EN SISTEMAS ELECTROTECNICOS Y AUTOMATIZADOS;1º;Formacion y orientacion laboral;ELECTRICIDAD Y ELECTRONICA. TECNICO SUPERIOR EN SISTEMAS ELECTROTECNICOS Y AUTOMATIZADOS.1.xlsx
ELECTRICIDAD Y ELECTRONICA;CFGS;SEA1;TECNICO SUPERIOR EN SISTEMAS ELECTROTECNICOS Y AUTOMATIZADOS;1º;Ingles;ELECTRICIDAD Y ELECTRONICA. TECNICO SUPERIOR EN SISTEMAS ELECTROTECNICOS Y AUTOMATIZADOS.1.xlsx
ELECTRICIDAD Y ELECTRONICA;CFGS;SEA2;TECNICO SUPERIOR EN SISTEMAS ELECTROTECNICOS Y AUTOMATIZADOS;2º;Procesos en instalaciones de infraestructuras comunes de telecomunicaciones.;ELECTRICIDAD Y ELECTRONICA. TECNICO SUPERIOR EN SISTEMAS ELECTROTECNICOS Y AUTOMATIZADOS.2.xlsx
ELECTRICIDAD Y ELECTRONICA;CFGS;SEA2;TECNICO SUPERIOR EN SISTEMAS ELECTROTECNICOS Y AUTOMATIZADOS;2º;Documentacion tecnica en instalaciones electricas.;ELECTRICIDAD Y ELECTRONICA. TECNICO SUPERIOR EN SISTEMAS ELECTROTECNICOS Y AUTOMATIZADOS.2.xlsx
ELECTRICIDAD Y ELECTRONICA;CFGS;SEA2;TECNICO SUPERIOR EN SISTEMAS ELECTROTECNICOS Y AUTOMATIZADOS;2º;Desarrollo de redes electricas y centros de transformacion.;ELECTRICIDAD Y ELECTRONICA. TECNICO SUPERIOR EN SISTEMAS ELECTROTECNICOS Y AUTOMATIZADOS.2.xlsx
ELECTRICIDAD Y ELECTRONICA;CFGS;SEA2;TECNICO SUPERIOR EN SISTEMAS ELECTROTECNICOS Y AUTOMATIZADOS;2º;Configuracion de instalaciones domoticas y automaticas.;ELECTRICIDAD Y ELECTRONICA. TECNICO SUPERIOR EN SISTEMAS ELECTROTECNICOS Y AUTOMATIZADOS.2.xlsx
ELECTRICIDAD Y ELECTRONICA;CFGS;SEA2;TECNICO SUPERIOR EN SISTEMAS ELECTROTECNICOS Y AUTOMATIZADOS;2º;Configuracion de instalaciones electricas.;ELECTRICIDAD Y ELECTRONICA. TECNICO SUPERIOR EN SISTEMAS ELECTROTECNICOS Y AUTOMATIZADOS.2.xlsx
ELECTRICIDAD Y ELECTRONICA;CFGS;SEA2;TECNICO SUPERIOR EN SISTEMAS ELECTROTECNICOS Y AUTOMATIZADOS;2º;Empresa e iniciativa emprendedora;ELECTRICIDAD Y ELECTRONICA. TECNICO SUPERIOR EN SISTEMAS ELECTROTECNICOS Y AUTOMATIZADOS.2.xlsx
ELECTRICIDAD Y ELECTRONICA;CFGS;SEA2;TECNICO SUPERIOR EN SISTEMAS ELECTROTECNICOS Y AUTOMATIZADOS;2º;Proyecto;
ELECTRICIDAD Y ELECTRONICA;CFGS;SEA2;TECNICO SUPERIOR EN SISTEMAS ELECTROTECNICOS Y AUTOMATIZADOS;2º;Formacionen Centors de Trabajo;
HOSTELERIA Y TURISMO;CFGB;CORE1;TECNICO BASICO EN COCINA Y RESTAURACION ;1º;Atencion al cliente.;HOSTELERIA Y TURISMO. TECNICO BASICO EN COCINA Y RESTAURACION.�PRIMER CURSO.xlsx
HOSTELERIA Y TURISMO;CFGB;CORE1;TECNICO BASICO EN COCINA Y RESTAURACION ;1º;Tecnicas elementales de preelaboracion.;HOSTELERIA Y TURISMO. TECNICO BASICO EN COCINA Y RESTAURACION.�PRIMER CURSO.xlsx
HOSTELERIA Y TURISMO;CFGB;CORE1;TECNICO BASICO EN COCINA Y RESTAURACION ;1º;Procesos basicos de produccion culinaria.;HOSTELERIA Y TURISMO. TECNICO BASICO EN COCINA Y RESTAURACION.�PRIMER CURSO.xlsx
HOSTELERIA Y TURISMO;CFGB;CORE1;TECNICO BASICO EN COCINA Y RESTAURACION ;1º;Aprovisionamiento y conservacion de materias primas e higiene en la manipulacion.;HOSTELERIA Y TURISMO. TECNICO BASICO EN COCINA Y RESTAURACION.�PRIMER CURSO.xlsx
HOSTELERIA Y TURISMO;CFGB;CORE1;TECNICO BASICO EN COCINA Y RESTAURACION ;1º;Ciencias Aplicadas I;HOSTELERIA Y TURISMO. TECNICO BASICO EN COCINA Y RESTAURACION.�PRIMER CURSO.xlsx
HOSTELERIA Y TURISMO;CFGB;CORE1;TECNICO BASICO EN COCINA Y RESTAURACION ;1º;Comunicacion y sociedad I;HOSTELERIA Y TURISMO. TECNICO BASICO EN COCINA Y RESTAURACION.�PRIMER CURSO.xlsx
HOSTELERIA Y TURISMO;CFGB;CORE2;TECNICO BASICO EN COCINA Y RESTAURACION ;2º;Tecnicas elementales de servicio.;HOSTELERIA Y TURISMO. TECNICO BASICO EN COCINA Y RESTAURACION.�SEGUNDO CURSO.xlsx
HOSTELERIA Y TURISMO;CFGB;CORE2;TECNICO BASICO EN COCINA Y RESTAURACION ;2º;Procesos basicos de preparacion de alimentos y bebidas.;HOSTELERIA Y TURISMO. TECNICO BASICO EN COCINA Y RESTAURACION.�SEGUNDO CURSO.xlsx
HOSTELERIA Y TURISMO;CFGB;CORE2;TECNICO BASICO EN COCINA Y RESTAURACION ;2º;Preparacion y montaje de materiales para colectividades y catering.;HOSTELERIA Y TURISMO. TECNICO BASICO EN COCINA Y RESTAURACION.�SEGUNDO CURSO.xlsx
HOSTELERIA Y TURISMO;CFGB;CORE2;TECNICO BASICO EN COCINA Y RESTAURACION ;2º;Ciencias Aplicadas II;HOSTELERIA Y TURISMO. TECNICO BASICO EN COCINA Y RESTAURACION.�SEGUNDO CURSO.xlsx
HOSTELERIA Y TURISMO;CFGB;CORE2;TECNICO BASICO EN COCINA Y RESTAURACION ;2º;Comunicacion y sociedad II;HOSTELERIA Y TURISMO. TECNICO BASICO EN COCINA Y RESTAURACION.�SEGUNDO CURSO.xlsx
HOSTELERIA Y TURISMO;CFGB;CORE2;TECNICO BASICO EN COCINA Y RESTAURACION ;2º;Iniciacion a la Actividad Emprendedora y Empresarial;HOSTELERIA Y TURISMO. TECNICO BASICO EN COCINA Y RESTAURACION.�SEGUNDO CURSO.xlsx
HOSTELERIA Y TURISMO;CFGB;CORE2;TECNICO BASICO EN COCINA Y RESTAURACION ;2º;Formacion en Centros de Trabajo;
HOSTELERIA Y TURISMO;CFGM;COG1;TECNICO EN COCINA Y GASTRONOMIA;1º;Procesos basicos de pasteleria y reposteria.;HOSTELERIA Y TURISMO. TECNICO EN COCINA Y GASTRONOMIA.�PRIMER CURSO.xlsx
HOSTELERIA Y TURISMO;CFGM;COG1;TECNICO EN COCINA Y GASTRONOMIA;1º;Seguridad e higiene en la manipulacion de alimentos.;HOSTELERIA Y TURISMO. TECNICO EN COCINA Y GASTRONOMIA.�PRIMER CURSO.xlsx
HOSTELERIA Y TURISMO;CFGM;COG1;TECNICO EN COCINA Y GASTRONOMIA;1º;Ofertas gastronomicas.;HOSTELERIA Y TURISMO. TECNICO EN COCINA Y GASTRONOMIA.�PRIMER CURSO.xlsx
HOSTELERIA Y TURISMO;CFGM;COG1;TECNICO EN COCINA Y GASTRONOMIA;1º;Preelaboracion y conservacion de alimentos.;HOSTELERIA Y TURISMO. TECNICO EN COCINA Y GASTRONOMIA.�PRIMER CURSO.xlsx
HOSTELERIA Y TURISMO;CFGM;COG1;TECNICO EN COCINA Y GASTRONOMIA;1º;Tecnicas culinarias.;HOSTELERIA Y TURISMO. TECNICO EN COCINA Y GASTRONOMIA.�PRIMER CURSO.xlsx
HOSTELERIA Y TURISMO;CFGM;COG2;TECNICO EN COCINA Y GASTRONOMIA;2º;Postres en restauracion.;HOSTELERIA Y TURISMO. TECNICO EN COCINA Y GASTRONOMIA.�SEGUNDO CURSO.xlsx
HOSTELERIA Y TURISMO;CFGM;COG2;TECNICO EN COCINA Y GASTRONOMIA;2º;Productos culinarios.;HOSTELERIA Y TURISMO. TECNICO EN COCINA Y GASTRONOMIA.�SEGUNDO CURSO.xlsx
HOSTELERIA Y TURISMO;CFGM;COG2;TECNICO EN COCINA Y GASTRONOMIA;2º;Formacion y orientacion laboral.;HOSTELERIA Y TURISMO. TECNICO EN COCINA Y GASTRONOMIA.�SEGUNDO CURSO.xlsx
HOSTELERIA Y TURISMO;CFGM;COG2;TECNICO EN COCINA Y GASTRONOMIA;2º;Empresa e iniciativa emprendedora.;HOSTELERIA Y TURISMO. TECNICO EN COCINA Y GASTRONOMIA.�SEGUNDO CURSO.xlsx
HOSTELERIA Y TURISMO;CFGM;COG2;TECNICO EN COCINA Y GASTRONOMIA;2º;Ingles.;HOSTELERIA Y TURISMO. TECNICO EN COCINA Y GASTRONOMIA.�SEGUNDO CURSO.xlsx
HOSTELERIA Y TURISMO;CFGM;COG2;TECNICO EN COCINA Y GASTRONOMIA;2º;Formacion en Centros de Trabajo;
HOSTELERIA Y TURISMO;CFGM;SREST1;TECNICO EN SERVICIOS DE RESTAURACION.;1º;Seguridad e higiene en la manipulacion de alimentos.;HOSTELERIA Y TURISMO. TECNICO EN SERVICIOS DE RESTAURACION.�PRIMER CURSO.xlsx
HOSTELERIA Y TURISMO;CFGM;SREST1;TECNICO EN SERVICIOS DE RESTAURACION.;1º;Ofertas gastronomicas.;HOSTELERIA Y TURISMO. TECNICO EN SERVICIOS DE RESTAURACION.�PRIMER CURSO.xlsx
HOSTELERIA Y TURISMO;CFGM;SREST1;TECNICO EN SERVICIOS DE RESTAURACION.;1º;Operaciones basicas en barcafeteria.;HOSTELERIA Y TURISMO. TECNICO EN SERVICIOS DE RESTAURACION.�PRIMER CURSO.xlsx
HOSTELERIA Y TURISMO;CFGM;SREST1;TECNICO EN SERVICIOS DE RESTAURACION.;1º;Operaciones basicas en restaurante.;HOSTELERIA Y TURISMO. TECNICO EN SERVICIOS DE RESTAURACION.�PRIMER CURSO.xlsx
HOSTELERIA Y TURISMO;CFGM;SREST1;TECNICO EN SERVICIOS DE RESTAURACION.;1º;Tecnicas de comunicacion en restauracion.;HOSTELERIA Y TURISMO. TECNICO EN SERVICIOS DE RESTAURACION.�PRIMER CURSO.xlsx
HOSTELERIA Y TURISMO;CFGM;SREST1;TECNICO EN SERVICIOS DE RESTAURACION.;1º;Ingles.;HOSTELERIA Y TURISMO. TECNICO EN SERVICIOS DE RESTAURACION.�PRIMER CURSO.xlsx
HOSTELERIA Y TURISMO;CFGM;SREST2;TECNICO EN SERVICIOS DE RESTAURACION.;2º;Servicios en bar-cafeteria.;HOSTELERIA Y TURISMO. TECNICO EN SERVICIOS DE RESTAURACION.�SEGUNDO CURSO.xlsx
HOSTELERIA Y TURISMO;CFGM;SREST2;TECNICO EN SERVICIOS DE RESTAURACION.;2º;Servicios en restaurantes y eventos especiales;HOSTELERIA Y TURISMO. TECNICO EN SERVICIOS DE RESTAURACION.�SEGUNDO CURSO.xlsx
HOSTELERIA Y TURISMO;CFGM;SREST2;TECNICO EN SERVICIOS DE RESTAURACION.;2º;El vino y su servicio.;HOSTELERIA Y TURISMO. TECNICO EN SERVICIOS DE RESTAURACION.�SEGUNDO CURSO.xlsx
HOSTELERIA Y TURISMO;CFGM;SREST2;TECNICO EN SERVICIOS DE RESTAURACION.;2º;Formacion y orientacion laboral.;HOSTELERIA Y TURISMO. TECNICO EN SERVICIOS DE RESTAURACION.�SEGUNDO CURSO.xlsx
HOSTELERIA Y TURISMO;CFGM;SREST2;TECNICO EN SERVICIOS DE RESTAURACION.;2º;Empresa e iniciativa emprendedora.;HOSTELERIA Y TURISMO. TECNICO EN SERVICIOS DE RESTAURACION.�SEGUNDO CURSO.xlsx
HOSTELERIA Y TURISMO;CFGM;SREST2;TECNICO EN SERVICIOS DE RESTAURACION.;2º;Formacion en Centros de Trabajo;
HOSTELERIA Y TURISMO;CFGS;DICO1;TECNICO SUPERIOR EN DIRECCION DE COCINA.;1º;Control del aprovisionamiento de materias primas.;HOSTELERIA Y TURISMO. TECNICO SUPERIOR EN DIRECCION DE COCINA. PRIMER CURSO.xlsx
HOSTELERIA Y TURISMO;CFGS;DICO1;TECNICO SUPERIOR EN DIRECCION DE COCINA.;1º;Procesos de preelaboracion y conservacion en cocina.;HOSTELERIA Y TURISMO. TECNICO SUPERIOR EN DIRECCION DE COCINA. PRIMER CURSO.xlsx
HOSTELERIA Y TURISMO;CFGS;DICO1;TECNICO SUPERIOR EN DIRECCION DE COCINA.;1º;Procesos de elaboracion culinaria.;HOSTELERIA Y TURISMO. TECNICO SUPERIOR EN DIRECCION DE COCINA. PRIMER CURSO.xlsx
HOSTELERIA Y TURISMO;CFGS;DICO1;TECNICO SUPERIOR EN DIRECCION DE COCINA.;1º;Gestion de la calidad y de la seguridad e higiene alimentarias.;HOSTELERIA Y TURISMO. TECNICO SUPERIOR EN DIRECCION DE COCINA. PRIMER CURSO.xlsx
HOSTELERIA Y TURISMO;CFGS;DICO1;TECNICO SUPERIOR EN DIRECCION DE COCINA.;1º;Formacion y orientacion laboral.;HOSTELERIA Y TURISMO. TECNICO SUPERIOR EN DIRECCION DE COCINA. PRIMER CURSO.xlsx
HOSTELERIA Y TURISMO;CFGS;DICO1;TECNICO SUPERIOR EN DIRECCION DE COCINA.;1º;Ingles;HOSTELERIA Y TURISMO. TECNICO SUPERIOR EN DIRECCION DE COCINA. PRIMER CURSO.xlsx
HOSTELERIA Y TURISMO;CFGS;DICO2;TECNICO SUPERIOR EN DIRECCION DE COCINA.;2º;Elaboraciones de pasteleria y reposteria en cocina.;HOSTELERIA Y TURISMO. TECNICO SUPERIOR EN DIRECCION DE COCINA. SEGUNDO CURSO.xlsx
HOSTELERIA Y TURISMO;CFGS;DICO2;TECNICO SUPERIOR EN DIRECCION DE COCINA.;2º;Gestion de la produccion en cocina.;HOSTELERIA Y TURISMO. TECNICO SUPERIOR EN DIRECCION DE COCINA. SEGUNDO CURSO.xlsx
HOSTELERIA Y TURISMO;CFGS;DICO2;TECNICO SUPERIOR EN DIRECCION DE COCINA.;2º;Gastronomia y nutricion.;HOSTELERIA Y TURISMO. TECNICO SUPERIOR EN DIRECCION DE COCINA. SEGUNDO CURSO.xlsx
HOSTELERIA Y TURISMO;CFGS;DICO2;TECNICO SUPERIOR EN DIRECCION DE COCINA.;2º;Gestion administrativa y comercial en restauracion.;HOSTELERIA Y TURISMO. TECNICO SUPERIOR EN DIRECCION DE COCINA. SEGUNDO CURSO.xlsx
HOSTELERIA Y TURISMO;CFGS;DICO2;TECNICO SUPERIOR EN DIRECCION DE COCINA.;2º;Recursos humanos y direccion de equipos en restauracion.;HOSTELERIA Y TURISMO. TECNICO SUPERIOR EN DIRECCION DE COCINA. SEGUNDO CURSO.xlsx
HOSTELERIA Y TURISMO;CFGS;DICO2;TECNICO SUPERIOR EN DIRECCION DE COCINA.;2º;Empresa e iniciativa emprendedora.;HOSTELERIA Y TURISMO. TECNICO SUPERIOR EN DIRECCION DE COCINA. SEGUNDO CURSO.xlsx
HOSTELERIA Y TURISMO;CFGS;DICO2;TECNICO SUPERIOR EN DIRECCION DE COCINA.;2º;Proyecto;HOSTELERIA Y TURISMO. TECNICO SUPERIOR EN DIRECCION DE COCINA. SEGUNDO CURSO.xlsx
HOSTELERIA Y TURISMO;CFGS;DICO2;TECNICO SUPERIOR EN DIRECCION DE COCINA.;2º;Formacionen Centors de Trabajo;HOSTELERIA Y TURISMO. TECNICO SUPERIOR EN DIRECCION DE COCINA. SEGUNDO CURSO.xlsx
HOSTELERIA Y TURISMO;CFGS;GATUR1;TECNICO SUPERIOR EN GESTION DE ALOJAMIENTOS TURISTICOS.;1º;Estructura del mercado turistico.;HOSTELERIA Y TURISMO. TECNICO SUPERIOR EN GESTION DE ALOJAMIENTOS TURISTICOS. PRIMER CURSO.xlsx
HOSTELERIA Y TURISMO;CFGS;GATUR1;TECNICO SUPERIOR EN GESTION DE ALOJAMIENTOS TURISTICOS.;1º;Protocolo y relaciones publicas.;HOSTELERIA Y TURISMO. TECNICO SUPERIOR EN GESTION DE ALOJAMIENTOS TURISTICOS. PRIMER CURSO.xlsx
HOSTELERIA Y TURISMO;CFGS;GATUR1;TECNICO SUPERIOR EN GESTION DE ALOJAMIENTOS TURISTICOS.;1º;Marketing turistico.;HOSTELERIA Y TURISMO. TECNICO SUPERIOR EN GESTION DE ALOJAMIENTOS TURISTICOS. PRIMER CURSO.xlsx
HOSTELERIA Y TURISMO;CFGS;GATUR1;TECNICO SUPERIOR EN GESTION DE ALOJAMIENTOS TURISTICOS.;1º;Marketing turistico, (Bilingue);HOSTELERIA Y TURISMO. TECNICO SUPERIOR EN GESTION DE ALOJAMIENTOS TURISTICOS. PRIMER CURSO.xlsx
HOSTELERIA Y TURISMO;CFGS;GATUR1;TECNICO SUPERIOR EN GESTION DE ALOJAMIENTOS TURISTICOS.;1º;Direccion de alojamientos turisticos.;HOSTELERIA Y TURISMO. TECNICO SUPERIOR EN GESTION DE ALOJAMIENTOS TURISTICOS. PRIMER CURSO.xlsx
HOSTELERIA Y TURISMO;CFGS;GATUR1;TECNICO SUPERIOR EN GESTION DE ALOJAMIENTOS TURISTICOS.;1º;Gestion del departamento de pisos.;HOSTELERIA Y TURISMO. TECNICO SUPERIOR EN GESTION DE ALOJAMIENTOS TURISTICOS. PRIMER CURSO.xlsx
HOSTELERIA Y TURISMO;CFGS;GATUR1;TECNICO SUPERIOR EN GESTION DE ALOJAMIENTOS TURISTICOS.;1º;Segunda lengua extranjera;HOSTELERIA Y TURISMO. TECNICO SUPERIOR EN GESTION DE ALOJAMIENTOS TURISTICOS. PRIMER CURSO.xlsx
HOSTELERIA Y TURISMO;CFGS;GATUR2;TECNICO SUPERIOR EN GESTION DE ALOJAMIENTOS TURISTICOS.;2º;Recepcion y reservas.;HOSTELERIA Y TURISMO. TECNICO SUPERIOR EN GESTION DE ALOJAMIENTOS TURISTICOS. SEGUND CURSO.xlsx
HOSTELERIA Y TURISMO;CFGS;GATUR2;TECNICO SUPERIOR EN GESTION DE ALOJAMIENTOS TURISTICOS.;2º;Recepcion y reservas, (Bilingue);HOSTELERIA Y TURISMO. TECNICO SUPERIOR EN GESTION DE ALOJAMIENTOS TURISTICOS. SEGUND CURSO.xlsx
HOSTELERIA Y TURISMO;CFGS;GATUR2;TECNICO SUPERIOR EN GESTION DE ALOJAMIENTOS TURISTICOS.;2º;Recursos humanos en el alojamiento.;HOSTELERIA Y TURISMO. TECNICO SUPERIOR EN GESTION DE ALOJAMIENTOS TURISTICOS. SEGUND CURSO.xlsx
HOSTELERIA Y TURISMO;CFGS;GATUR2;TECNICO SUPERIOR EN GESTION DE ALOJAMIENTOS TURISTICOS.;2º;Comercializacion de eventos.;HOSTELERIA Y TURISMO. TECNICO SUPERIOR EN GESTION DE ALOJAMIENTOS TURISTICOS. SEGUND CURSO.xlsx
HOSTELERIA Y TURISMO;CFGS;GATUR2;TECNICO SUPERIOR EN GESTION DE ALOJAMIENTOS TURISTICOS.;2º;Formacion y orientacion laboral;HOSTELERIA Y TURISMO. TECNICO SUPERIOR EN GESTION DE ALOJAMIENTOS TURISTICOS. SEGUND CURSO.xlsx
HOSTELERIA Y TURISMO;CFGS;GATUR2;TECNICO SUPERIOR EN GESTION DE ALOJAMIENTOS TURISTICOS.;2º;Empresa e iniciativa emprendedora;HOSTELERIA Y TURISMO. TECNICO SUPERIOR EN GESTION DE ALOJAMIENTOS TURISTICOS. SEGUND CURSO.xlsx
HOSTELERIA Y TURISMO;CFGS;GATUR2;TECNICO SUPERIOR EN GESTION DE ALOJAMIENTOS TURISTICOS.;2º;Ingles;HOSTELERIA Y TURISMO. TECNICO SUPERIOR EN GESTION DE ALOJAMIENTOS TURISTICOS. SEGUND CURSO.xlsx
HOSTELERIA Y TURISMO;CFGS;GATUR2;TECNICO SUPERIOR EN GESTION DE ALOJAMIENTOS TURISTICOS.;2º;Proyecto;
HOSTELERIA Y TURISMO;CFGS;GATUR2;TECNICO SUPERIOR EN GESTION DE ALOJAMIENTOS TURISTICOS.;2º;Formacionen Centors de Trabajo;
IMAGEN Y SONIDO;CFGS;A3D1;TECNICO SUPERIOR EN ANIMACION EN 3D, JUEGOS Y ENTORNOS INTERACTIVOS.;1º;Diseno, dibujo y modelado para animacion.;IMAGEN Y SONIDO. TECNICO SUPERIOR EN ANIMACION EN 3D, JUEGOS Y ENTORNOS INTERACTIVOS. 1.xlsx
IMAGEN Y SONIDO;CFGS;A3D1;TECNICO SUPERIOR EN ANIMACION EN 3D, JUEGOS Y ENTORNOS INTERACTIVOS.;1º;Animacion de elementos 2D y 3D.;IMAGEN Y SONIDO. TECNICO SUPERIOR EN ANIMACION EN 3D, JUEGOS Y ENTORNOS INTERACTIVOS. 1.xlsx
IMAGEN Y SONIDO;CFGS;A3D1;TECNICO SUPERIOR EN ANIMACION EN 3D, JUEGOS Y ENTORNOS INTERACTIVOS.;1º;Color, iluminacion y acabados 2D y 3D.;IMAGEN Y SONIDO. TECNICO SUPERIOR EN ANIMACION EN 3D, JUEGOS Y ENTORNOS INTERACTIVOS. 1.xlsx
IMAGEN Y SONIDO;CFGS;A3D1;TECNICO SUPERIOR EN ANIMACION EN 3D, JUEGOS Y ENTORNOS INTERACTIVOS.;1º;Realizacion de proyectos multimedia interactivos.;IMAGEN Y SONIDO. TECNICO SUPERIOR EN ANIMACION EN 3D, JUEGOS Y ENTORNOS INTERACTIVOS. 1.xlsx
IMAGEN Y SONIDO;CFGS;A3D1;TECNICO SUPERIOR EN ANIMACION EN 3D, JUEGOS Y ENTORNOS INTERACTIVOS.;1º;Formacion y Orientacion Laboral.;IMAGEN Y SONIDO. TECNICO SUPERIOR EN ANIMACION EN 3D, JUEGOS Y ENTORNOS INTERACTIVOS. 1.xlsx
IMAGEN Y SONIDO;CFGS;A3D1;TECNICO SUPERIOR EN ANIMACION EN 3D, JUEGOS Y ENTORNOS INTERACTIVOS.;1º;Ingles.;IMAGEN Y SONIDO. TECNICO SUPERIOR EN ANIMACION EN 3D, JUEGOS Y ENTORNOS INTERACTIVOS. 1.xlsx
IMAGEN Y SONIDO;CFGS;A3D2;TECNICO SUPERIOR EN ANIMACION EN 3D, JUEGOS Y ENTORNOS INTERACTIVOS.;2º;Realizacion del montaje y postproduccion de audiovisuales.;IMAGEN Y SONIDO. TECNICO SUPERIOR EN ANIMACION EN 3D, JUEGOS Y ENTORNOS INTERACTIVOS. 2.xlsx
IMAGEN Y SONIDO;CFGS;A3D2;TECNICO SUPERIOR EN ANIMACION EN 3D, JUEGOS Y ENTORNOS INTERACTIVOS.;2º;Proyectos de animacion audiovisual 2D y 3D.;IMAGEN Y SONIDO. TECNICO SUPERIOR EN ANIMACION EN 3D, JUEGOS Y ENTORNOS INTERACTIVOS. 2.xlsx
IMAGEN Y SONIDO;CFGS;A3D2;TECNICO SUPERIOR EN ANIMACION EN 3D, JUEGOS Y ENTORNOS INTERACTIVOS.;2º;Proyectos de juegos y entornos interactivos.;IMAGEN Y SONIDO. TECNICO SUPERIOR EN ANIMACION EN 3D, JUEGOS Y ENTORNOS INTERACTIVOS. 2.xlsx
IMAGEN Y SONIDO;CFGS;A3D2;TECNICO SUPERIOR EN ANIMACION EN 3D, JUEGOS Y ENTORNOS INTERACTIVOS.;2º;Desarrollo de entornos interactivos multidispositivo.;IMAGEN Y SONIDO. TECNICO SUPERIOR EN ANIMACION EN 3D, JUEGOS Y ENTORNOS INTERACTIVOS. 2.xlsx
IMAGEN Y SONIDO;CFGS;A3D2;TECNICO SUPERIOR EN ANIMACION EN 3D, JUEGOS Y ENTORNOS INTERACTIVOS.;2º;Empresa e iniciativa emprendedora;IMAGEN Y SONIDO. TECNICO SUPERIOR EN ANIMACION EN 3D, JUEGOS Y ENTORNOS INTERACTIVOS. 2.xlsx
IMAGEN Y SONIDO;CFGS;A3D2;TECNICO SUPERIOR EN ANIMACION EN 3D, JUEGOS Y ENTORNOS INTERACTIVOS.;2º;Proyecto;
IMAGEN Y SONIDO;CFGS;A3D2;TECNICO SUPERIOR EN ANIMACION EN 3D, JUEGOS Y ENTORNOS INTERACTIVOS.;2º;Formacionen Centors de Trabajo;
INFORMATICA Y COMUNICACIONES;CFGM;SMR1;TECNICO EN SISTEMAS MICROINFORMATICOS Y REDES;1º;Montaje y mantenimiento de equipos;INFORMATICA Y COMUNICAICONES. SISTEMAS MICROINFORMATICOS Y REDES. PRIMER CURSO.xlsx
INFORMATICA Y COMUNICACIONES;CFGM;SMR1;TECNICO EN SISTEMAS MICROINFORMATICOS Y REDES;1º;Sistemas operativos monopuesto.;INFORMATICA Y COMUNICAICONES. SISTEMAS MICROINFORMATICOS Y REDES. PRIMER CURSO.xlsx
INFORMATICA Y COMUNICACIONES;CFGM;SMR1;TECNICO EN SISTEMAS MICROINFORMATICOS Y REDES;1º;Redes locales.;INFORMATICA Y COMUNICAICONES. SISTEMAS MICROINFORMATICOS Y REDES. PRIMER CURSO.xlsx
INFORMATICA Y COMUNICACIONES;CFGM;SMR1;TECNICO EN SISTEMAS MICROINFORMATICOS Y REDES;1º;Aplicaciones web.;INFORMATICA Y COMUNICAICONES. SISTEMAS MICROINFORMATICOS Y REDES. PRIMER CURSO.xlsx
INFORMATICA Y COMUNICACIONES;CFGM;SMR1;TECNICO EN SISTEMAS MICROINFORMATICOS Y REDES;1º;Formacion y Orientacion Laboral.;INFORMATICA Y COMUNICAICONES. SISTEMAS MICROINFORMATICOS Y REDES. PRIMER CURSO.xlsx
INFORMATICA Y COMUNICACIONES;CFGM;SMR1;TECNICO EN SISTEMAS MICROINFORMATICOS Y REDES;1º;Ingles.;INFORMATICA Y COMUNICAICONES. SISTEMAS MICROINFORMATICOS Y REDES. PRIMER CURSO.xlsx
INFORMATICA Y COMUNICACIONES;CFGM;SMR2;TECNICO EN SISTEMAS MICROINFORMATICOS Y REDES;2º;Aplicaciones ofimaticas.;INFORMATICA Y COMUNICAICONES. SISTEMAS MICROINFORMATICOS Y REDES. SEGUNDO CURSO.xlsx
INFORMATICA Y COMUNICACIONES;CFGM;SMR2;TECNICO EN SISTEMAS MICROINFORMATICOS Y REDES;2º;Sistemas operativos en red.;INFORMATICA Y COMUNICAICONES. SISTEMAS MICROINFORMATICOS Y REDES. SEGUNDO CURSO.xlsx
INFORMATICA Y COMUNICACIONES;CFGM;SMR2;TECNICO EN SISTEMAS MICROINFORMATICOS Y REDES;2º;Seguridad informatica.;INFORMATICA Y COMUNICAICONES. SISTEMAS MICROINFORMATICOS Y REDES. SEGUNDO CURSO.xlsx
INFORMATICA Y COMUNICACIONES;CFGM;SMR2;TECNICO EN SISTEMAS MICROINFORMATICOS Y REDES;2º;Servicios en red.;INFORMATICA Y COMUNICAICONES. SISTEMAS MICROINFORMATICOS Y REDES. SEGUNDO CURSO.xlsx
INFORMATICA Y COMUNICACIONES;CFGM;SMR2;TECNICO EN SISTEMAS MICROINFORMATICOS Y REDES;2º;Empresa e iniciativa emprendedora.;INFORMATICA Y COMUNICAICONES. SISTEMAS MICROINFORMATICOS Y REDES. SEGUNDO CURSO.xlsx
INFORMATICA Y COMUNICACIONES;CFGM;SMR2;TECNICO EN SISTEMAS MICROINFORMATICOS Y REDES;2º;Formacionen Centors de Trabajo;
INFORMATICA Y COMUNICACIONES;CFGS;ASIR1;TECNICO SUPERIOR EN ADMINISTRACION DE SISTEMAS INFORMATICOS EN RED.;1º;Implantacion de sistemas operativos.;INFORMATICA Y COMUNICAICONES. ADMINISTRACION DE SISTEMAS INFORMATICOS EN RED. PRIMER CURSO.xlsx
INFORMATICA Y COMUNICACIONES;CFGS;ASIR1;TECNICO SUPERIOR EN ADMINISTRACION DE SISTEMAS INFORMATICOS EN RED.;1º;Planificacion y administracion de redes.;INFORMATICA Y COMUNICAICONES. ADMINISTRACION DE SISTEMAS INFORMATICOS EN RED. PRIMER CURSO.xlsx
INFORMATICA Y COMUNICACIONES;CFGS;ASIR1;TECNICO SUPERIOR EN ADMINISTRACION DE SISTEMAS INFORMATICOS EN RED.;1º;Fundamentos de hardware.;INFORMATICA Y COMUNICAICONES. ADMINISTRACION DE SISTEMAS INFORMATICOS EN RED. PRIMER CURSO.xlsx
INFORMATICA Y COMUNICACIONES;CFGS;ASIR1;TECNICO SUPERIOR EN ADMINISTRACION DE SISTEMAS INFORMATICOS EN RED.;1º;Gestion de bases de datos.;INFORMATICA Y COMUNICAICONES. ADMINISTRACION DE SISTEMAS INFORMATICOS EN RED. PRIMER CURSO.xlsx
INFORMATICA Y COMUNICACIONES;CFGS;ASIR1;TECNICO SUPERIOR EN ADMINISTRACION DE SISTEMAS INFORMATICOS EN RED.;1º;Lenguajes de marcas y sistemas de gestion de informacion.;INFORMATICA Y COMUNICAICONES. ADMINISTRACION DE SISTEMAS INFORMATICOS EN RED. PRIMER CURSO.xlsx
INFORMATICA Y COMUNICACIONES;CFGS;ASIR1;TECNICO SUPERIOR EN ADMINISTRACION DE SISTEMAS INFORMATICOS EN RED.;1º;Formacion y orientacion laboral.;INFORMATICA Y COMUNICAICONES. ADMINISTRACION DE SISTEMAS INFORMATICOS EN RED. PRIMER CURSO.xlsx
INFORMATICA Y COMUNICACIONES;CFGS;ASIR1;TECNICO SUPERIOR EN ADMINISTRACION DE SISTEMAS INFORMATICOS EN RED.;1º;Ingles.;INFORMATICA Y COMUNICAICONES. ADMINISTRACION DE SISTEMAS INFORMATICOS EN RED. PRIMER CURSO.xlsx
INFORMATICA Y COMUNICACIONES;CFGS;ASIR1;TECNICO SUPERIOR EN ADMINISTRACION DE SISTEMAS INFORMATICOS EN RED.;2º;Administracion de sistemas operativos.;INFORMATICA Y COMUNICAICONES. ADMINISTRACION DE SISTEMAS INFORMATICOS EN RED. CURSO 2.xlsx
INFORMATICA Y COMUNICACIONES;CFGS;ASIR1;TECNICO SUPERIOR EN ADMINISTRACION DE SISTEMAS INFORMATICOS EN RED.;2º;Servicios de red e internet.;INFORMATICA Y COMUNICAICONES. ADMINISTRACION DE SISTEMAS INFORMATICOS EN RED. CURSO 2.xlsx
INFORMATICA Y COMUNICACIONES;CFGS;ASIR1;TECNICO SUPERIOR EN ADMINISTRACION DE SISTEMAS INFORMATICOS EN RED.;2º;Implantacion de aplicaciones web.;INFORMATICA Y COMUNICAICONES. ADMINISTRACION DE SISTEMAS INFORMATICOS EN RED. CURSO 2.xlsx
INFORMATICA Y COMUNICACIONES;CFGS;ASIR1;TECNICO SUPERIOR EN ADMINISTRACION DE SISTEMAS INFORMATICOS EN RED.;2º;Administracion de sistemas gestores de bases de datos.;INFORMATICA Y COMUNICAICONES. ADMINISTRACION DE SISTEMAS INFORMATICOS EN RED. CURSO 2.xlsx
INFORMATICA Y COMUNICACIONES;CFGS;ASIR1;TECNICO SUPERIOR EN ADMINISTRACION DE SISTEMAS INFORMATICOS EN RED.;2º;Seguridad y alta disponibilidad.;INFORMATICA Y COMUNICAICONES. ADMINISTRACION DE SISTEMAS INFORMATICOS EN RED. CURSO 2.xlsx
INFORMATICA Y COMUNICACIONES;CFGS;ASIR1;TECNICO SUPERIOR EN ADMINISTRACION DE SISTEMAS INFORMATICOS EN RED.;2º;Empresa e iniciativa emprendedora.;INFORMATICA Y COMUNICAICONES. ADMINISTRACION DE SISTEMAS INFORMATICOS EN RED. CURSO 2.xlsx
INFORMATICA Y COMUNICACIONES;CFGS;ASIR1;TECNICO SUPERIOR EN ADMINISTRACION DE SISTEMAS INFORMATICOS EN RED.;2º;Proyecto;
INFORMATICA Y COMUNICACIONES;CFGS;ASIR1;TECNICO SUPERIOR EN ADMINISTRACION DE SISTEMAS INFORMATICOS EN RED.;2º;Formacionen Centors de Trabajo;
INFORMATICA Y COMUNICACIONES;CFGS;DAM1;TECNICO SUPERIOR EN DESARROLLO DE APLICACIONES MULTIPLATAFORMA.;1º;Lenguajes de marcas y sistemas de gestion de informacion.;INFORMATICA Y COMUNICAICONES. DESARROLLO DE APLICACIONES MULTIPLATAFORMA. PRIMER CURSO.xlsx
INFORMATICA Y COMUNICACIONES;CFGS;DAM1;TECNICO SUPERIOR EN DESARROLLO DE APLICACIONES MULTIPLATAFORMA.;1º;Sistemas informaticos.;INFORMATICA Y COMUNICAICONES. DESARROLLO DE APLICACIONES MULTIPLATAFORMA. PRIMER CURSO.xlsx
INFORMATICA Y COMUNICACIONES;CFGS;DAM1;TECNICO SUPERIOR EN DESARROLLO DE APLICACIONES MULTIPLATAFORMA.;1º;Bases de datos.;INFORMATICA Y COMUNICAICONES. DESARROLLO DE APLICACIONES MULTIPLATAFORMA. PRIMER CURSO.xlsx
INFORMATICA Y COMUNICACIONES;CFGS;DAM1;TECNICO SUPERIOR EN DESARROLLO DE APLICACIONES MULTIPLATAFORMA.;1º;Programacion.;INFORMATICA Y COMUNICAICONES. DESARROLLO DE APLICACIONES MULTIPLATAFORMA. PRIMER CURSO.xlsx
INFORMATICA Y COMUNICACIONES;CFGS;DAM1;TECNICO SUPERIOR EN DESARROLLO DE APLICACIONES MULTIPLATAFORMA.;1º;Entornos de desarrollo.;INFORMATICA Y COMUNICAICONES. DESARROLLO DE APLICACIONES MULTIPLATAFORMA. PRIMER CURSO.xlsx
INFORMATICA Y COMUNICACIONES;CFGS;DAM1;TECNICO SUPERIOR EN DESARROLLO DE APLICACIONES MULTIPLATAFORMA.;1º;Formacion y orientacion laboral.;INFORMATICA Y COMUNICAICONES. DESARROLLO DE APLICACIONES MULTIPLATAFORMA. PRIMER CURSO.xlsx
INFORMATICA Y COMUNICACIONES;CFGS;DAM1;TECNICO SUPERIOR EN DESARROLLO DE APLICACIONES MULTIPLATAFORMA.;1º;Ingles.;INFORMATICA Y COMUNICAICONES. DESARROLLO DE APLICACIONES MULTIPLATAFORMA. PRIMER CURSO.xlsx
INFORMATICA Y COMUNICACIONES;CFGS;DAM2;TECNICO SUPERIOR EN DESARROLLO DE APLICACIONES MULTIPLATAFORMA.;2º;Acceso a datos.;INFORMATICA Y COMUNICAICONES. DESARROLLO DE APLICACIONES MULTIPLATAFORMA. SEGUNDO CURSO.xlsx
INFORMATICA Y COMUNICACIONES;CFGS;DAM2;TECNICO SUPERIOR EN DESARROLLO DE APLICACIONES MULTIPLATAFORMA.;2º;Desarrollo de interfaces.;INFORMATICA Y COMUNICAICONES. DESARROLLO DE APLICACIONES MULTIPLATAFORMA. SEGUNDO CURSO.xlsx
INFORMATICA Y COMUNICACIONES;CFGS;DAM2;TECNICO SUPERIOR EN DESARROLLO DE APLICACIONES MULTIPLATAFORMA.;2º;Programacion multimedia y dispositivos moviles.;INFORMATICA Y COMUNICAICONES. DESARROLLO DE APLICACIONES MULTIPLATAFORMA. SEGUNDO CURSO.xlsx
INFORMATICA Y COMUNICACIONES;CFGS;DAM2;TECNICO SUPERIOR EN DESARROLLO DE APLICACIONES MULTIPLATAFORMA.;2º;Programacion de servicios y procesos.;INFORMATICA Y COMUNICAICONES. DESARROLLO DE APLICACIONES MULTIPLATAFORMA. SEGUNDO CURSO.xlsx
INFORMATICA Y COMUNICACIONES;CFGS;DAM2;TECNICO SUPERIOR EN DESARROLLO DE APLICACIONES MULTIPLATAFORMA.;2º;Sistemas de gestion empresarial.;INFORMATICA Y COMUNICAICONES. DESARROLLO DE APLICACIONES MULTIPLATAFORMA. SEGUNDO CURSO.xlsx
INFORMATICA Y COMUNICACIONES;CFGS;DAM2;TECNICO SUPERIOR EN DESARROLLO DE APLICACIONES MULTIPLATAFORMA.;2º;Empresa e iniciativa emprendedora.;INFORMATICA Y COMUNICAICONES. DESARROLLO DE APLICACIONES MULTIPLATAFORMA. SEGUNDO CURSO.xlsx
INFORMATICA Y COMUNICACIONES;CFGS;DAM2;TECNICO SUPERIOR EN DESARROLLO DE APLICACIONES MULTIPLATAFORMA.;2º;Proyecto;
INFORMATICA Y COMUNICACIONES;CFGS;DAM2;TECNICO SUPERIOR EN DESARROLLO DE APLICACIONES MULTIPLATAFORMA.;2º;Formacionen Centors de Trabajo;
INFORMATICA Y COMUNICACIONES;CFGS;DAW1;TECNICO SUPERIOR EN DESARROLLO DE APLICACIONES WEB.;1º;Lenguajes de marcas y sistemas de gestion de informacion.;INFORMATICA Y COMUNICAICONES. DESARROLLO DE APLICACIONES WEB. PRIMER CURSO.xlsx
INFORMATICA Y COMUNICACIONES;CFGS;DAW1;TECNICO SUPERIOR EN DESARROLLO DE APLICACIONES WEB.;1º;Lenguajes de marcas y sistemas de gestion de informacion, (Bilingue);INFORMATICA Y COMUNICAICONES. DESARROLLO DE APLICACIONES WEB. PRIMER CURSO.xlsx
INFORMATICA Y COMUNICACIONES;CFGS;DAW1;TECNICO SUPERIOR EN DESARROLLO DE APLICACIONES WEB.;1º;Sistemas informaticos.;INFORMATICA Y COMUNICAICONES. DESARROLLO DE APLICACIONES WEB. PRIMER CURSO.xlsx
INFORMATICA Y COMUNICACIONES;CFGS;DAW1;TECNICO SUPERIOR EN DESARROLLO DE APLICACIONES WEB.;1º;Bases de datos.;INFORMATICA Y COMUNICAICONES. DESARROLLO DE APLICACIONES WEB. PRIMER CURSO.xlsx
INFORMATICA Y COMUNICACIONES;CFGS;DAW1;TECNICO SUPERIOR EN DESARROLLO DE APLICACIONES WEB.;1º;Programacion.;INFORMATICA Y COMUNICAICONES. DESARROLLO DE APLICACIONES WEB. PRIMER CURSO.xlsx
INFORMATICA Y COMUNICACIONES;CFGS;DAW1;TECNICO SUPERIOR EN DESARROLLO DE APLICACIONES WEB.;1º;Entornos de desarrollo.;INFORMATICA Y COMUNICAICONES. DESARROLLO DE APLICACIONES WEB. PRIMER CURSO.xlsx
INFORMATICA Y COMUNICACIONES;CFGS;DAW1;TECNICO SUPERIOR EN DESARROLLO DE APLICACIONES WEB.;1º;Formacion y orientacion laboral.;INFORMATICA Y COMUNICAICONES. DESARROLLO DE APLICACIONES WEB. PRIMER CURSO.xlsx
INFORMATICA Y COMUNICACIONES;CFGS;DAW1;TECNICO SUPERIOR EN DESARROLLO DE APLICACIONES WEB.;1º;Ingles.;INFORMATICA Y COMUNICAICONES. DESARROLLO DE APLICACIONES WEB. PRIMER CURSO.xlsx
INFORMATICA Y COMUNICACIONES;CFGS;DAW2;TECNICO SUPERIOR EN DESARROLLO DE APLICACIONES WEB.;2º;Desarrollo web en entorno cliente.;INFORMATICA Y COMUNICAICONES. DESARROLLO DE APLICACIONES WEB. SEGUNDO CURSO.�xlsx
INFORMATICA Y COMUNICACIONES;CFGS;DAW2;TECNICO SUPERIOR EN DESARROLLO DE APLICACIONES WEB.;2º;Desarrollo web en entorno servidor.;INFORMATICA Y COMUNICAICONES. DESARROLLO DE APLICACIONES WEB. SEGUNDO CURSO.�xlsx
INFORMATICA Y COMUNICACIONES;CFGS;DAW2;TECNICO SUPERIOR EN DESARROLLO DE APLICACIONES WEB.;2º;Despliegue de aplicaciones web.;INFORMATICA Y COMUNICAICONES. DESARROLLO DE APLICACIONES WEB. SEGUNDO CURSO.�xlsx
INFORMATICA Y COMUNICACIONES;CFGS;DAW2;TECNICO SUPERIOR EN DESARROLLO DE APLICACIONES WEB.;2º;Despliegue de aplicaciones web, (Bilingue).;INFORMATICA Y COMUNICAICONES. DESARROLLO DE APLICACIONES WEB. SEGUNDO CURSO.�xlsx
INFORMATICA Y COMUNICACIONES;CFGS;DAW2;TECNICO SUPERIOR EN DESARROLLO DE APLICACIONES WEB.;2º;Diseno de interfaces web.;INFORMATICA Y COMUNICAICONES. DESARROLLO DE APLICACIONES WEB. SEGUNDO CURSO.�xlsx
INFORMATICA Y COMUNICACIONES;CFGS;DAW2;TECNICO SUPERIOR EN DESARROLLO DE APLICACIONES WEB.;2º;Empresa e iniciativa emprendedora.;INFORMATICA Y COMUNICAICONES. DESARROLLO DE APLICACIONES WEB. SEGUNDO CURSO.�xlsx
INFORMATICA Y COMUNICACIONES;CFGS;DAW2;TECNICO SUPERIOR EN DESARROLLO DE APLICACIONES WEB.;2º;Proyecto;
INFORMATICA Y COMUNICACIONES;CFGS;DAW2;TECNICO SUPERIOR EN DESARROLLO DE APLICACIONES WEB.;2º;Formacionen Centors de Trabajo;
INFORMATICA Y COMUNICACIONES;CE;CIBER;ESPECIALIZACION CIBERSEGURIDAD EN ENTORNOS DE LAS TECNOLOGIA DE LA INFORMACION;1º;Incidentes de ciberseguridad;INFORMATICA Y COMUNICACIONES. CIBERSEGURIDAD EN ENTORNOS DE LAS TI.xlsx
INFORMATICA Y COMUNICACIONES;CE;CIBER;ESPECIALIZACION CIBERSEGURIDAD EN ENTORNOS DE LAS TECNOLOGIA DE LA INFORMACION;1º;Bastionado de redes y sistemas;INFORMATICA Y COMUNICACIONES. CIBERSEGURIDAD EN ENTORNOS DE LAS TI.xlsx
INFORMATICA Y COMUNICACIONES;CE;CIBER;ESPECIALIZACION CIBERSEGURIDAD EN ENTORNOS DE LAS TECNOLOGIA DE LA INFORMACION;1º;Puesta en produccion segura;INFORMATICA Y COMUNICACIONES. CIBERSEGURIDAD EN ENTORNOS DE LAS TI.xlsx
INFORMATICA Y COMUNICACIONES;CE;CIBER;ESPECIALIZACION CIBERSEGURIDAD EN ENTORNOS DE LAS TECNOLOGIA DE LA INFORMACION;1º;Analisis forense informatico;INFORMATICA Y COMUNICACIONES. CIBERSEGURIDAD EN ENTORNOS DE LAS TI.xlsx
INFORMATICA Y COMUNICACIONES;CE;CIBER;ESPECIALIZACION CIBERSEGURIDAD EN ENTORNOS DE LAS TECNOLOGIA DE LA INFORMACION;1º;Hacking etico;INFORMATICA Y COMUNICACIONES. CIBERSEGURIDAD EN ENTORNOS DE LAS TI.xlsx
INFORMATICA Y COMUNICACIONES;CE;CIBER;ESPECIALIZACION CIBERSEGURIDAD EN ENTORNOS DE LAS TECNOLOGIA DE LA INFORMACION;1º;Normativa de ciberseguridad;INFORMATICA Y COMUNICACIONES. CIBERSEGURIDAD EN ENTORNOS DE LAS TI.xlsx
INFORMATICA Y COMUNICACIONES;CE;VIDEOJUEGOS;ESPECIALIZACION DESARROLLO DE VIDEOJUEGOS Y REALIDAD VIRTUAL;1º;Programacion y motores de videojuegos.;INFORMATICA Y COMUNICACIONES. DESARROLLO DE VIDEOJUEGOS Y REALIDAD VIRTUAL.xlsx
INFORMATICA Y COMUNICACIONES;CE;VIDEOJUEGOS;ESPECIALIZACION DESARROLLO DE VIDEOJUEGOS Y REALIDAD VIRTUAL;1º;Diseno grafico 2D y 3D.;INFORMATICA Y COMUNICACIONES. DESARROLLO DE VIDEOJUEGOS Y REALIDAD VIRTUAL.xlsx
INFORMATICA Y COMUNICACIONES;CE;VIDEOJUEGOS;ESPECIALIZACION DESARROLLO DE VIDEOJUEGOS Y REALIDAD VIRTUAL;1º;Programacion en red e inteligencia artificial.;INFORMATICA Y COMUNICACIONES. DESARROLLO DE VIDEOJUEGOS Y REALIDAD VIRTUAL.xlsx
INFORMATICA Y COMUNICACIONES;CE;VIDEOJUEGOS;ESPECIALIZACION DESARROLLO DE VIDEOJUEGOS Y REALIDAD VIRTUAL;1º;Realidad virtual y realidad aumentada.;INFORMATICA Y COMUNICACIONES. DESARROLLO DE VIDEOJUEGOS Y REALIDAD VIRTUAL.xlsx
INFORMATICA Y COMUNICACIONES;CE;VIDEOJUEGOS;ESPECIALIZACION DESARROLLO DE VIDEOJUEGOS Y REALIDAD VIRTUAL;1º;Diseno, Gestion, publicacion y produccion.;INFORMATICA Y COMUNICACIONES. DESARROLLO DE VIDEOJUEGOS Y REALIDAD VIRTUAL.xlsx
INSTALACIONES Y MANTENIMIENTO;CFGM;MAEL1;TECNICO EN MANTENIMIENTO ELECTROMECANICO.;1º;Tecnicas de fabricacion.;INSTALACIONES Y MANTENIMIENTO. TECNICO EN MANTENIMIENTO ELECTROMECANICO. PRIMER CURSO.xlsx
INSTALACIONES Y MANTENIMIENTO;CFGM;MAEL1;TECNICO EN MANTENIMIENTO ELECTROMECANICO.;1º;Tecnicas de union y montaje.;INSTALACIONES Y MANTENIMIENTO. TECNICO EN MANTENIMIENTO ELECTROMECANICO. PRIMER CURSO.xlsx
INSTALACIONES Y MANTENIMIENTO;CFGM;MAEL1;TECNICO EN MANTENIMIENTO ELECTROMECANICO.;1º;Electricidad y automatismos electricos.;INSTALACIONES Y MANTENIMIENTO. TECNICO EN MANTENIMIENTO ELECTROMECANICO. PRIMER CURSO.xlsx
INSTALACIONES Y MANTENIMIENTO;CFGM;MAEL1;TECNICO EN MANTENIMIENTO ELECTROMECANICO.;1º;Automatismos neumaticos e hidraulicos.;INSTALACIONES Y MANTENIMIENTO. TECNICO EN MANTENIMIENTO ELECTROMECANICO. PRIMER CURSO.xlsx
INSTALACIONES Y MANTENIMIENTO;CFGM;MAEL1;TECNICO EN MANTENIMIENTO ELECTROMECANICO.;1º;Formacion y orientacion laboral.;INSTALACIONES Y MANTENIMIENTO. TECNICO EN MANTENIMIENTO ELECTROMECANICO. PRIMER CURSO.xlsx
INSTALACIONES Y MANTENIMIENTO;CFGM;MAEL1;TECNICO EN MANTENIMIENTO ELECTROMECANICO.;1º;Ingles.;INSTALACIONES Y MANTENIMIENTO. TECNICO EN MANTENIMIENTO ELECTROMECANICO. PRIMER CURSO.xlsx
INSTALACIONES Y MANTENIMIENTO;CFGM;MAEL2;TECNICO EN MANTENIMIENTO ELECTROMECANICO.;2º;Montaje y mantenimiento mecanico.;INSTALACIONES Y MANTENIMIENTO. TECNICO EN MANTENIMIENTO ELECTROMECANICO. SEGUNDO CURSO.xlsx
INSTALACIONES Y MANTENIMIENTO;CFGM;MAEL2;TECNICO EN MANTENIMIENTO ELECTROMECANICO.;2º;Montaje y mantenimiento electrico-electronico.;INSTALACIONES Y MANTENIMIENTO. TECNICO EN MANTENIMIENTO ELECTROMECANICO. SEGUNDO CURSO.xlsx
INSTALACIONES Y MANTENIMIENTO;CFGM;MAEL2;TECNICO EN MANTENIMIENTO ELECTROMECANICO.;2º;Montaje y mantenimiento de lineas automatizadas.;INSTALACIONES Y MANTENIMIENTO. TECNICO EN MANTENIMIENTO ELECTROMECANICO. SEGUNDO CURSO.xlsx
INSTALACIONES Y MANTENIMIENTO;CFGM;MAEL2;TECNICO EN MANTENIMIENTO ELECTROMECANICO.;2º;Empresa e iniciativa emprendedora.;INSTALACIONES Y MANTENIMIENTO. TECNICO EN MANTENIMIENTO ELECTROMECANICO. SEGUNDO CURSO.xlsx
INSTALACIONES Y MANTENIMIENTO;CFGM;MAEL2;TECNICO EN MANTENIMIENTO ELECTROMECANICO.;2º;Formacionen Centors de Trabajo;
